epoch,acc,loss,val_acc,val_loss
0,0.96990625,0.08343566357251257,0.988625,0.038291427661199126
